{"cameraMode":{"drawMode":0,"name":"Shaded","section":"Shading Mode"},"sceneLighting":true,"audioPlay":false,"sceneViewState":{"showFog":false,"showMaterialUpdate":false,"showSkybox":false,"showFlares":false,"showImageEffects":false,"showParticleSystems":false},"in2DMode":false,"pivot":{"x":-3.6102867126464845,"y":0.7431204319000244,"z":0.09203532338142395},"rotation":{"x":-0.217686265707016,"y":-0.06290843337774277,"z":0.014014055952429772,"w":-0.9739013910293579},"size":3.2619540691375734,"orthographic":false}